3693,Mitsubishi LT-52153 TV,0.0,http://ecx.images-amazon.com/images/I/81JR8Mpj5OL._SX425_.jpg,TV,Mitsubishi,/products/mitsubishi-lt-52153-tv
3694,Mitsubishi LT-2240 TV,0.0,http://www.consumerreports.org/cro/resources/images/electronics-computers/televisions/hdtv/dlp-rear-projection-tvs/reports/ratings/ratings/proj_tv_mitsubishi_wd-65734.jpg,TV,Mitsubishi,/products/mitsubishi-lt-2240-tv
3695,Sony Ericsson Xperia Arc S,0.0,http://cdn.shopclues.net/images/detailed/5562/40H51002_1404383319.jpg,Phones,Sony Ericsson,/products/sony-ericsson-xperia-arc-s
3696,Samsung 40 Inch Full HD 40H5100 LED TV,0.0,http://i.ytimg.com/vi/y04ggCHE7nY/hqdefault.jpg,TV,Samsung,/products/samsung-40-inch-full-hd-40h5100-led-tv
3697,BenQ B502,0.0,http://i.ytimg.com/vi/qKzix8jsPok/maxresdefault.jpg,Phones,BenQ,/products/benq-b502
3698,Vertu Constellation 2013,0.0,http://i.ytimg.com/vi/UmSbDfzowOM/maxresdefault.jpg,Phones,Vertu,/products/vertu-constellation-2013
3699,Acer Liquid Jade Z,0.0,http://i.ytimg.com/vi/y265HkP7yII/maxresdefault.jpg,Phones,Acer,/products/acer-liquid-jade-z
3700,BlackBerry Leap,0.0,http://i.ytimg.com/vi/SJHwnny9t0E/maxresdefault.jpg,Phones,BlackBerry,/products/blackberry-leap
3701,Lenovo A6000 Plus,0.0,http://i.ytimg.com/vi/6wFZRI53Kbk/maxresdefault.jpg,Phones,Lenovo,/products/lenovo-a6000-plus
3702,Grant Chronograph Leather Watch,0.0,http://i.ytimg.com/vi/kIsPOmXVdiE/maxresdefault.jpg,Watches,Fossil,/products/grant-chronograph-leather-watch
3703,Mitsubishi L75-A91 TV,0.0,http://i.ytimg.com/vi/y04ggCHE7nY/hqdefault.jpg,TV,Mitsubishi,/products/mitsubishi-l75-a91-tv
3704,Toshiba W3 SERIES,0.0,http://www.toshiba.eu/contents/en_EU/SERIES_DESCRIPTION/images/g13_w3.jpg,TV,Toshiba,/products/toshiba-w3-series
3705,LG 60 LB731V LG SMART TV WITH WEBOS TV,0.0,http://i.ytimg.com/vi/yIB5Zn-n_DQ/maxresdefault.jpg,TV,LG,/products/lg-60-lb731v-lg-smart-tv-with-webos-tv
3706,Toshiba L6 SERIES,0.0,http://i.ytimg.com/vi/vr6DETPBxbI/maxresdefault.jpg,TV,Toshiba,/products/toshiba-l6-series
3707,Samsung Galaxy Tab 3 V,0.0,http://i.ytimg.com/vi/Paxv4HZwVno/maxresdefault.jpg,Phones,Samsung,/products/samsung-galaxy-tab-3-v
3708,Toshiba L3 SERIES,0.0,http://www.irisvista.com/tech/laptops/Toshiba-Satellite-L305-L305D/big/remove-lcd-screen-replace-video-cable-09.jpg,TV,Toshiba,/products/toshiba-l3-series
3709,Samsung 32 Inch HD 32H4100 LED TV,0.0,http://cf2.souqcdn.com/item/2014/05/26/69/69/26/8/item_XL_6969268_4777856.jpg,TV,Samsung,/products/samsung-32-inch-hd-32h4100-led-tv
3710,Asus Zenfone 2 ZE500CL,0.0,http://cf2.souqcdn.com/item/2014/05/26/69/69/26/8/item_XL_6969268_4777856.jpg,Phones,Asus,/products/asus-zenfone-2-ze500cl
3711,Mitsubishi LT-3780 TV,0.0,http://i.ebayimg.com/00/s/NTA1WDY0MA==/z/krEAAOSwfcVUGEd6/$_35.JPG,TV,Mitsubishi,/products/mitsubishi-lt-3780-tv
3712,LG ULTRA HD 4K TV 55 INCH LA965W TV,0.0,http://www.lg.com/uk/images/tvs/la965w/gallery/medium05.jpg,TV,LG,/products/lg-ultra-hd-4k-tv-55-inch-la965w-tv
3713,Huawei Honor 4C,0.0,http://www.androidcentral.com/sites/androidcentral.com/files/styles/larger/public/article_images/2015/04/honor-4c.png?itok=Cov2QxA6,Phones,Huawei,/products/huawei-honor-4c
3714,Samsung 22 Inch Full HD LED UA22F5100AR TV,0.0,http://images.samsung.com/is/image/samsung/in_UA22F5100ARLXL_510_Right-Angle_black?$TM-Gallery$,TV,Samsung,/products/samsung-22-inch-full-hd-led-ua22f5100ar-tv
3715,LG 55 CLASS CINEMA 3D 1080P 240HZ LED TV WITH SMART TV,0.0,http://g-ecx.images-amazon.com/images/G/01/electronics/LG/Aplus2013/LA7400.jpg,TV,LG,/products/lg-55-class-cinema-3d-1080p-240hz-led-tv-with-smart-tv
3716,Sony Xperia M4 Aqua,0.0,https://cdn3.pcadvisor.co.uk/cmsdata/reviews/3599871/Sony_Launch_15.jpg,Phones,Sony,/products/sony-xperia-m4-aqua
3717,Wiko Ridge Fab 4G,0.0,http://img.phonandroid.com/2015/02/wiko-ridge-fab-4G-design.jpg,Phones,Wiko,/products/wiko-ridge-fab-4g
3718,LG 43 SMART TV WITH WEBOS TV,0.0,http://i.ytimg.com/vi/7JkUvmViQp4/maxresdefault.jpg,TV,LG,/products/lg-43-smart-tv-with-webos-tv
3719,Samsung Galaxy J1,0.0,http://i.ytimg.com/vi/PEyPYsTXw8w/maxresdefault.jpg,Phones,Samsung,/products/samsung-galaxy-j1
3720,Philips S388,0.0,http://cdn.ndtv.com/tech/images/philips_i928.jpg,Phones,Philips,/products/philips-s388
3736,LG 49 ULTRA HD 4K TV,0.0,http://www.sa-price.com/getpic.php?id=3322,TV,LG,/products/lg-49-ultra-hd-4k-tv
3722,Mitsubishi LaserVue L65-A90 TV,0.0,http://www.oled-display.info/images/laser-tv-ces-2009.jpg,TV,Mitsubishi,/products/mitsubishi-laservue-l65-a90-tv
3723,Mitsubishi LT-52148 TV,0.0,http://static1.actualidadgadget.com/wp-content/uploads/2011/03/mitsubishi-148.jpg,TV,Mitsubishi,/products/mitsubishi-lt-52148-tv
3724,LG Spirit,0.0,http://i.ytimg.com/vi/PXLzx8pCiFw/maxresdefault.jpg,Phones,LG,/products/lg-spirit
3725,LG 42 ULTRA HD 4K TV,0.0,http://i.ytimg.com/vi/J0JInEBgYZ4/maxresdefault.jpg,TV,LG,/products/lg-42-ultra-hd-4k-tv
3726,Mitsubishi LT-37131 TV,0.0,http://i.ytimg.com/vi/eZNAv0m5f7M/maxresdefault.jpg,TV,Mitsubishi,/products/mitsubishi-lt-37131-tv
3727,Dell Venue 10 7000,0.0,http://cdn2.gsmarena.com/vv/pics/siemens/siemens-cc75-01.jpg,Phones,Dell,/products/dell-venue-10-7000
3728,Siemens CC75,0.0,https://cdn0.vox-cdn.com/thumbor/jE9an4-ChZewHXB7t0zE8qcdnMI=/1020x0/cdn0.vox-cdn.com/uploads/chorus_asset/file/3582622/dell-venue-10-7000-1708.0.jpg,Phones,Siemens,/products/siemens-cc75
3729,Samsung UA40H4200AR 40 inches LED TV,0.0,http://images.samsung.com/is/image/samsung/in_UA40H4200ARLXL_001_Front_black?$TM-Gallery$,TV,Samsung,/products/samsung-ua40h4200ar-40-inches-led-tv
3730,Toshiba T5 SERIES,0.0,http://www.toshiba.eu/contents/en_EU/SERIES_DESCRIPTION/images/g1_t5.jpg,TV,Toshiba,/products/toshiba-t5-series
3731,Panasonic P61,0.0,http://cdn.ndtv.com/tech/images/panasonic_p41.jpg,Phones,Panasonic,/products/panasonic-p61
3732,LG 65 OLED 4K TV,0.0,http://o.aolcdn.com/hss/storage/midas/764e67353a9e22750198f4bd0834c158/200509426/lg-65-inch-oled-2014-07-31-01.jpg,TV,LG,/products/lg-65-oled-4k-tv
3733,Gionee Pioneer P6,0.0,http://images.fonearena.com/blog/wp-content/uploads/2015/01/Gionee-Pioneer-P6.jpg,Phones,Gionee,/products/gionee-pioneer-p6
3734,Nokia Lumia 730 Dual SIM,0.0,http://cdn.ndtv.com/tech/images/gadgets/microsoft_nokia_lumia_735_official.jpg,Phones,Nokia,/products/nokia-lumia-730-dual-sim
3735,Toshiba Excite Go,0.0,http://www.toshiba.com/images/products/420/ExciteGo_AT7-C8-tablet-420.jpg,Phones,Toshiba,/products/toshiba-excite-go
3736,LG 49 ULTRA HD 4K TV,0.0,http://ksa-price.com/files/products/1826.gif,TV,LG,/products/lg-49-ultra-hd-4k-tv-1970dca7-ec60-48e0-abd7-9ea728c2b061
3737,vivo X5Max+,0.0,http://cdn.gsmarena.com/vv/newsimg/14/12/vivo-x5max/gsmarena_001.jpg,Phones,vivo,/products/vivo-x5max
