Mitsubishi LT-52153 TV,3693
Mitsubishi LT-2240 TV,3694
Sony Ericsson Xperia Arc S,3695
Samsung 40 Inch Full HD 40H5100 LED TV,3696
BenQ B502,3697
Vertu Constellation 2013,3698
Acer Liquid Jade Z,3699
BlackBerry Leap,3700
Lenovo A6000 Plus,3701
Grant Chronograph Leather Watch,3702
Mitsubishi L75-A91 TV,3703
Toshiba W3 SERIES,3704
LG 60 LB731V LG SMART TV WITH WEBOS TV,3705
Toshiba L6 SERIES,3706
Samsung Galaxy Tab 3 V,3707
Toshiba L3 SERIES,3708
Samsung 32 Inch HD 32H4100 LED TV,3709
Asus Zenfone 2 ZE500CL,3710
Mitsubishi LT-3780 TV,3711
LG ULTRA HD 4K TV 55 INCH LA965W TV,3712
Huawei Honor 4C,3713
Samsung 22 Inch Full HD LED UA22F5100AR TV,3714
LG 55 CLASS CINEMA 3D 1080P 240HZ LED TV WITH SMART TV,3715
Sony Xperia M4 Aqua,3716
Wiko Ridge Fab 4G,3717
LG 43 SMART TV WITH WEBOS TV,3718
Samsung Galaxy J1,3719
Philips S388,3720
LG 49 ULTRA HD 4K TV,3721
Mitsubishi LaserVue L65-A90 TV,3722
Mitsubishi LT-52148 TV,3723
LG Spirit,3724
LG 42 ULTRA HD 4K TV,3725
Mitsubishi LT-37131 TV,3726
Dell Venue 10 7000,3727
Siemens CC75,3728
Samsung UA40H4200AR 40 inches LED TV,3729
Toshiba T5 SERIES,3730
Panasonic P61,3731
LG 65 OLED 4K TV,3732
Gionee Pioneer P6,3733
Nokia Lumia 730 Dual SIM,3734
Toshiba Excite Go,3735
LG 49 ULTRA HD 4K TV,3736
vivo X5Max+,3737
